,one,two,three,four,key
0,0.467976300189,-0.0386485396255,-0.295344251987,-1.82472622729,L
1,-0.358893469543,1.40445260007,0.704964644926,-0.200638304015,B
2,-0.50184039929,0.659253707223,-0.421690619312,-0.0576883018364,G
3,0.204886212202,1.07413396504,1.38836131252,-0.982404023494,R
4,0.354627914484,-0.133115852296,0.283762637978,-0.837062961653,Q
